{
    "best_coil_phase": [
        5.289563064367248,
        6.199869437213204,
        0.5401245578309344,
        1.2392863910384853,
        2.17693209573698,
        2.966721635905032,
        3.7024203140680547,
        4.49032538904386
    ],
    "best_coil_amplitude": [
        0.756589467431947,
        0.7017393528525652,
        0.8401686177711316,
        0.7237418815860797,
        0.7006771267070829,
        0.7032813425992267,
        0.7984753626495582,
        0.7431865724516222
    ],
    "best_coil_config_cost": 2.239891347027868,
    "default_coil_config_cost": 1.6072329949668414,
    "cost_improvement_absolute": -0.6326583520610265,
    "cost_improvement_relative": 0.39363200857762304,
    "cost_function_name": "B1HomogeneityCost",
    "cost_function_direction": "maximize",
    "simulation_data": "children_1_tubes_6_id_23713"
}