{
    "best_coil_phase": [
        3.3223336735383717,
        3.8786751450110266,
        4.236301932769024,
        4.537600130561772,
        4.973922812138357,
        5.51642222702404,
        2.1080848365312916,
        2.8202047064711526
    ],
    "best_coil_amplitude": [
        0.8410486535446151,
        0.8127876699467702,
        0.8708864559499483,
        0.6879473186388954,
        0.44586245403536545,
        0.13877972027285163,
        0.3737293249680719,
        0.6623324861343614
    ],
    "best_coil_config_cost": 2.2132837996119363,
    "default_coil_config_cost": 1.6072329949668414,
    "cost_improvement_absolute": -0.606050804645095,
    "cost_improvement_relative": 0.3770771297895103,
    "cost_function_name": "B1HomogeneityCost",
    "cost_function_direction": "maximize",
    "simulation_data": "children_1_tubes_6_id_23713"
}